优惠类型,商品编号,首次观测,商品名称,适用性别,季节,初上市价,当前最低价,当前最高价,优惠幅度,优惠开始,优惠结束,有货,商品链接
超值精选,487899,2026-09-14,快干修身POLO衫/短袖条纹,男装,2026年夏季,199,59,59,70.4%,,,是,https://www.uniqlo.cn/product-detail.html?productCode=u0000000073216
超值精选,482225,2026-09-14,快干弹力轻型茄克/格纹,男装,2026年夏季,499,149,149,70.1%,2026-05-29 08:00,2026-06-04 23:59,是,https://www.uniqlo.cn/product-detail.html?productCode=u0000000070233
超值精选,464925,2026-09-14,高性能修身防皱衬衫/长袖纽扣领,男装,2024年春季,249,79,79,68.3%,,,是,https://www.uniqlo.cn/product-detail.html?productCode=u0000000074624
超值精选,467480,2026-09-14,高性能修身防皱衬衫/长袖衬衣商务通勤,男装,2024年春季,249,79,79,68.3%,,,是,https://www.uniqlo.cn/product-detail.html?productCode=u0000000074656
超值精选,482890,2026-09-14,易打理快干弹力轻型长裤/加长款,男装,2026年夏季,299,99,99,66.9%,,,是,https://www.uniqlo.cn/product-detail.html?productCode=u0000000074996
超值精选,482891,2026-09-14,易打理快干弹力轻型长裤,男装,2026年夏季,299,99,99,66.9%,,,是,https://www.uniqlo.cn/product-detail.html?productCode=u0000000075000
超值精选,482903,2026-09-14,易打理快干弹力轻型长裤/加长款,男装,2026年夏季,299,99,99,66.9%,,,是,https://www.uniqlo.cn/product-detail.html?productCode=u0000000075002
超值精选,482904,2026-09-14,易打理快干弹力轻型长裤,男装,2026年夏季,299,99,99,66.9%,,,是,https://www.uniqlo.cn/product-detail.html?productCode=u0000000074998
超值精选,484875,2026-09-14,廓形长裤,男装,2026年夏季,299,99,99,66.9%,,,是,https://www.uniqlo.cn/product-detail.html?productCode=u0000000075316
超值精选,482296,2026-09-14,圆领T恤/短袖,男装,2026年夏季,99,39,39,60.6%,,,是,https://www.uniqlo.cn/product-detail.html?productCode=u0000000073736
超值精选,482297,2026-09-14,SUPIMA COTTON圆领T恤/短袖,男装,2026年夏季,99,39,39,60.6%,,,是,https://www.uniqlo.cn/product-detail.html?productCode=u0000000074341
超值精选,482299,2026-09-14,DRY-EX速干T恤/短袖,男装,2026年夏季,99,39,39,60.6%,,,是,https://www.uniqlo.cn/product-detail.html?productCode=u0000000075577
超值精选,482299,2026-09-14,DRY-EX速干T恤/短袖,男装,2026年夏季,99,39,39,60.6%,,,是,https://www.uniqlo.cn/product-detail.html?productCode=u0000000075017
超值精选,482301,2026-09-14,V领T恤/短袖,男装,2026年夏季,99,39,39,60.6%,2026-04-30 00:00,2026-05-07 23:59,是,https://www.uniqlo.cn/product-detail.html?productCode=u0000000071090
超值精选,482771,2026-09-14,UT蓝色禁区印花T恤/短袖T恤,男装,2026年夏季,99,39,39,60.6%,2026-07-03 08:00,2026-07-09 23:59,是,https://www.uniqlo.cn/product-detail.html?productCode=u0000000071753
超值精选,482773,2026-09-14,UT MusicalIcons印花T恤/短袖T恤,男装,2026年夏季,99,39,39,60.6%,2026-05-29 08:00,2026-06-04 23:59,是,https://www.uniqlo.cn/product-detail.html?productCode=u0000000071154
超值精选,484760,2026-09-14,UT卢浮宫博物馆印花T恤/短袖T恤,男装,2026年夏季,99,39,39,60.6%,,,是,https://www.uniqlo.cn/product-detail.html?productCode=u0000000070877
超值精选,485308,2026-09-14,UT PIXAR印花T恤/短袖T恤,男装,2026年夏季,99,39,39,60.6%,2026-07-17 08:00,2026-07-23 23:59,是,https://www.uniqlo.cn/product-detail.html?productCode=u0000000072396
超值精选,485563,2026-09-14,圆领T恤/短袖,男装,2026年夏季,99,39,39,60.6%,,,是,https://www.uniqlo.cn/product-detail.html?productCode=u0000000073740
超值精选,487769,2026-09-14,UT Poster Art Collection印花T恤/短袖T恤,男装,2026年夏季,99,39,39,60.6%,2026-05-15 00:00,2026-05-21 23:59,是,https://www.uniqlo.cn/product-detail.html?productCode=u0000000071732
超值精选,487919,2026-09-14,UT蓝色禁区印花T恤/短袖T恤,男装,2026年夏季,99,39,39,60.6%,2026-07-03 08:00,2026-07-09 23:59,是,https://www.uniqlo.cn/product-detail.html?productCode=u0000000071736
超值精选,487920,2026-09-14,UT蓝色禁区印花T恤/短袖T恤,男装,2026年夏季,99,39,39,60.6%,2026-07-03 08:00,2026-07-09 23:59,是,https://www.uniqlo.cn/product-detail.html?productCode=u0000000071735
超值精选,487921,2026-09-14,UT蓝色禁区印花T恤/短袖T恤,男装,2026年夏季,99,39,39,60.6%,2026-07-03 08:00,2026-07-09 23:59,是,https://www.uniqlo.cn/product-detail.html?productCode=u0000000071752
超值精选,487922,2026-09-14,UT蓝色禁区印花T恤/短袖T恤,男装,2026年夏季,99,39,39,60.6%,2026-07-03 08:00,2026-07-09 23:59,是,https://www.uniqlo.cn/product-detail.html?productCode=u0000000071733
超值精选,488733,2026-09-14,UT MusicalIcons印花T恤/短袖T恤,男装,2026年夏季,99,39,39,60.6%,2026-05-29 08:00,2026-06-04 23:59,是,https://www.uniqlo.cn/product-detail.html?productCode=u0000000071134
超值精选,489013,2026-09-14,DRY-EX速干T恤/短袖拼色,男装,2026年夏季,99,39,39,60.6%,,,是,https://www.uniqlo.cn/product-detail.html?productCode=u0000000075580
超值精选,489155,2026-09-14,UT PIXAR印花T恤/短袖T恤,男装,2026年夏季,99,39,39,60.6%,2026-07-17 08:00,2026-07-23 23:59,是,https://www.uniqlo.cn/product-detail.html?productCode=u0000000072398
超值精选,489156,2026-09-14,UT PIXAR印花T恤/短袖T恤,男装,2026年夏季,99,39,39,60.6%,2026-07-17 08:00,2026-07-23 23:59,是,https://www.uniqlo.cn/product-detail.html?productCode=u0000000072377
超值精选,489157,2026-09-14,UT PIXAR印花T恤/短袖T恤,男装,2026年夏季,99,39,39,60.6%,2026-07-17 08:00,2026-07-23 23:59,是,https://www.uniqlo.cn/product-detail.html?productCode=u0000000072379
超值精选,492195,2026-09-14,UT YOASOBI印花T恤/短袖T恤,男装,2026年夏季,99,39,39,60.6%,2026-07-30 08:00,2026-08-06 23:59,是,https://www.uniqlo.cn/product-detail.html?productCode=u0000000073843
超值精选,492196,2026-09-14,UT YOASOBI印花T恤/短袖T恤,男装,2026年夏季,99,39,39,60.6%,2026-07-30 08:00,2026-08-06 23:59,是,https://www.uniqlo.cn/product-detail.html?productCode=u0000000073846
超值精选,492197,2026-09-14,UT YOASOBI印花T恤/短袖T恤,男装,2026年夏季,99,39,39,60.6%,2026-07-30 08:00,2026-08-06 23:59,是,https://www.uniqlo.cn/product-detail.html?productCode=u0000000073826
超值精选,492198,2026-09-14,UT YOASOBI印花T恤/短袖T恤,男装,2026年夏季,99,39,39,60.6%,2026-07-30 08:00,2026-08-06 23:59,是,https://www.uniqlo.cn/product-detail.html?productCode=u0000000073847
超值精选,482302,2026-09-14,AIRism POLO衫/短袖,男装,2026年夏季,149,59,59,60.4%,,,是,https://www.uniqlo.cn/product-detail.html?productCode=u0000000074797
超值精选,482302,2026-09-14,AIRism POLO衫/短袖,男装,2026年夏季,149,59,59,60.4%,,,是,https://www.uniqlo.cn/product-detail.html?productCode=u0000000073299
超值精选,482303,2026-09-14,AIRism POLO开衫/短袖,男装,2026年夏季,149,59,59,60.4%,2026-04-24 08:00,2026-04-29 23:59,是,https://www.uniqlo.cn/product-detail.html?productCode=u0000000069777
超值精选,482304,2026-09-14,快干POLO衫/短袖,男装,2026年夏季,149,59,59,60.4%,,,是,https://www.uniqlo.cn/product-detail.html?productCode=u0000000073737
超值精选,482305,2026-09-14,DRY-EX速干POLO衫/短袖,男装,2026年夏季,149,59,59,60.4%,,,是,https://www.uniqlo.cn/product-detail.html?productCode=u0000000073739
超值精选,487898,2026-09-14,SUPIMA COTTON T恤/短袖,男装,2026年夏季,149,59,59,60.4%,,,是,https://www.uniqlo.cn/product-detail.html?productCode=u0000000073201
超值精选,475384,2026-09-14,DRY-EX速干高弹力运动长裤束脚超弹裤常规款,男装,2025年夏季,199,79,79,60.3%,2026-06-12 00:00,2026-06-21 23:59,是,https://www.uniqlo.cn/product-detail.html?productCode=u0000000059633
超值精选,481725,2026-09-14,可机洗针织polo衫/短袖,男装,2026年夏季,199,79,79,60.3%,,,是,https://www.uniqlo.cn/product-detail.html?productCode=u0000000074320
超值精选,482446,2026-09-14,牛津纺条纹衬衫/长袖,男装,2026年春季,199,79,79,60.3%,,,是,https://www.uniqlo.cn/product-detail.html?productCode=u0000000073097
超值精选,482460,2026-09-14,优质长绒棉条纹衬衫/长袖,男装,2026年春季,199,79,79,60.3%,,,是,https://www.uniqlo.cn/product-detail.html?productCode=u0000000073118
超值精选,482461,2026-09-14,优质长绒棉格子衬衫/长袖,男装,2026年春季,199,79,79,60.3%,,,是,https://www.uniqlo.cn/product-detail.html?productCode=u0000000074324
超值精选,482464,2026-09-14,优质长绒棉衬衫/长袖,男装,2026年春季,199,79,79,60.3%,,,是,https://www.uniqlo.cn/product-detail.html?productCode=u0000000072132
超值精选,482497,2026-09-14,箱型衬衫/短袖,男装,2026年夏季,199,79,79,60.3%,,,是,https://www.uniqlo.cn/product-detail.html?productCode=u0000000071074
超值精选,482498,2026-09-14,箱型格子衬衫/短袖,男装,2026年夏季,199,79,79,60.3%,,,是,https://www.uniqlo.cn/product-detail.html?productCode=u0000000071080
超值精选,484852,2026-09-14,棉混纺圆领针织衫/长袖,男装,2026年春季,199,79,79,60.3%,,,是,https://www.uniqlo.cn/product-detail.html?productCode=u0000000068877
超值精选,484892,2026-09-14,优质长绒棉格子衬衫/长袖,男装,2026年春季,199,79,79,60.3%,2026-03-20 08:00,2026-03-26 23:29,是,https://www.uniqlo.cn/product-detail.html?productCode=u0000000068134
超值精选,484894,2026-09-14,优质长绒棉格子衬衫/长袖,男装,2026年春季,199,79,79,60.3%,2026-03-20 08:00,2026-03-26 23:29,是,https://www.uniqlo.cn/product-detail.html?productCode=u0000000069768
超值精选,485652,2026-09-14,优质长绒棉格子衬衫/长袖,男装,2026年春季,199,79,79,60.3%,2026-03-20 08:00,2026-03-26 23:29,是,https://www.uniqlo.cn/product-detail.html?productCode=u0000000068116
超值精选,485744,2026-09-14,高弹力运动长裤/DRY-EX速干,男装,2026年夏季,199,79,79,60.3%,,,是,https://www.uniqlo.cn/product-detail.html?productCode=u0000000074348
超值精选,485745,2026-09-14,高弹力运动长裤/DRY-EX速干加长款,男装,2026年夏季,199,79,79,60.3%,,,是,https://www.uniqlo.cn/product-detail.html?productCode=u0000000074357
超值精选,489136,2026-09-14,印花衬衫/短袖,男装,2026年夏季,199,79,79,60.3%,,,是,https://www.uniqlo.cn/product-detail.html?productCode=u0000000073219
超值精选,475560,2026-09-14,修身无褶长裤休闲裤裤子直筒通勤,男装,2025年春季,249,99,99,60.2%,2026-03-27 08:00,2026-04-02 23:00,是,https://www.uniqlo.cn/product-detail.html?productCode=u0000000067013
超值精选,482876,2026-09-14,修身无褶长裤,男装,2026年春季,249,99,99,60.2%,2026-03-27 08:00,2026-04-02 23:00,是,https://www.uniqlo.cn/product-detail.html?productCode=u0000000067334
超值精选,482886,2026-09-14,弹力九分裤/商务通勤西裤裤子,男装,2026年春季,249,99,99,60.2%,2026-03-20 08:00,2026-03-26 23:29,是,https://www.uniqlo.cn/product-detail.html?productCode=u0000000068414
超值精选,483819,2026-09-14,休闲全棉茄克/外套夹克,男装,2026年春季,349,149,149,57.3%,2026-02-06 00:00,2026-02-15 23:59,是,https://www.uniqlo.cn/product-detail.html?productCode=u0000000067693
超值精选,478314,2026-09-15,HEATTECH围巾/围脖防寒保暖易收纳,男装,2025年冬季,129,59,59,54.3%,,,是,https://www.uniqlo.cn/product-detail.html?productCode=u0000000065834
超值精选,484203,2026-09-14,宽松插肩袖T恤/短袖,男装,2026年夏季,129,59,59,54.3%,2026-07-03 08:00,2026-07-09 23:59,是,https://www.uniqlo.cn/product-detail.html?productCode=u0000000069619
超值精选,484203,2026-09-14,宽松插肩袖T恤/短袖,男装,2026年夏季,129,59,59,54.3%,,,是,https://www.uniqlo.cn/product-detail.html?productCode=u0000000073976
超值精选,484803,2026-09-14,快干华夫格圆领T恤/短袖,男装,2026年夏季,129,59,59,54.3%,2026-05-29 08:00,2026-06-04 23:59,是,https://www.uniqlo.cn/product-detail.html?productCode=u0000000069778
超值精选,485256,2026-09-14,HEATTECH针织帽子,男装,2025年冬季,129,59,59,54.3%,,,是,https://www.uniqlo.cn/product-detail.html?productCode=u0000000067753
超值精选,485258,2026-09-15,HEATTECH针织手套,男装,2025年冬季,129,59,59,54.3%,,,是,https://www.uniqlo.cn/product-detail.html?productCode=u0000000067735
超值精选,485454,2026-09-14,宽松撞色T恤/短袖,男装,2026年夏季,129,59,59,54.3%,2026-07-03 08:00,2026-07-09 23:59,是,https://www.uniqlo.cn/product-detail.html?productCode=u0000000069629
超值精选,485454,2026-09-14,宽松撞色T恤/短袖,男装,2026年夏季,129,59,59,54.3%,,,是,https://www.uniqlo.cn/product-detail.html?productCode=u0000000073958
超值精选,485455,2026-09-14,宽松亨利领T恤/短袖,男装,2026年夏季,129,59,59,54.3%,2026-07-03 08:00,2026-07-09 23:59,是,https://www.uniqlo.cn/product-detail.html?productCode=u0000000069641
超值精选,474529,2026-09-14,棉麻条纹立领衬衫/短袖衬衣开衫休闲,男装,2025年夏季,199,99,99,50.3%,,,是,https://www.uniqlo.cn/product-detail.html?productCode=u0000000075883
超值精选,475382,2026-09-14,运动长裤舒适休闲裤卫裤宽松常规款,男装,2025年春季,199,99,99,50.3%,2026-02-27 08:00,2026-03-05 23:59,是,https://www.uniqlo.cn/product-detail.html?productCode=u0000000058077
超值精选,475387,2026-09-14,防晒衣DRY-EX速干高弹力拉链连帽开衫,男装,2025年夏季,199,99,99,50.3%,,,是,https://www.uniqlo.cn/product-detail.html?productCode=u0000000073959
超值精选,475387,2026-09-14,防晒衣DRY-EX速干高弹力拉链连帽开衫,男装,2025年夏季,199,99,99,50.3%,,,是,https://www.uniqlo.cn/product-detail.html?productCode=u0000000075899
超值精选,479137,2026-09-14,灯芯绒舒适九分裤/休闲裤,男装,2025年冬季,199,99,99,50.3%,,,是,https://www.uniqlo.cn/product-detail.html?productCode=u0000000064698
超值精选,479235,2026-09-14,souffle yarn舒芙蕾圆领针织衫/长袖舒芙蕾毛衣毛衫,男装,2025年冬季,199,99,99,50.3%,,,是,https://www.uniqlo.cn/product-detail.html?productCode=u0000000070513
超值精选,481444,2026-09-14,柔滑摇粒绒舒适束脚裤/长裤裤子,男装,2025年冬季,199,99,99,50.3%,,,是,https://www.uniqlo.cn/product-detail.html?productCode=u0000000065846
超值精选,481569,2026-09-14,弹力棉混纺舒适九分裤/牛仔休闲裤/起居裤,男装,2026年春季,199,99,99,50.3%,,,是,https://www.uniqlo.cn/product-detail.html?productCode=u0000000074338
超值精选,481572,2026-09-14,水洗宽松舒适工装九分裤,男装,2026年春季,199,99,99,50.3%,2026-04-24 08:00,2026-04-29 23:59,是,https://www.uniqlo.cn/product-detail.html?productCode=u0000000068359
超值精选,481725,2026-09-14,可机洗针织polo衫/短袖,男装,2026年夏季,199,99,99,50.3%,2026-04-30 00:00,2026-05-07 23:59,是,https://www.uniqlo.cn/product-detail.html?productCode=u0000000069814
超值精选,482313,2026-09-16,运动长裤常规款,男装,2026年春季,199,99,99,50.3%,2026-02-27 08:00,2026-03-05 23:59,是,https://www.uniqlo.cn/product-detail.html?productCode=u0000000067402
超值精选,482477,2026-09-14,快干防皱衬衫/条纹短袖,男装,2026年夏季,199,99,99,50.3%,2026-05-29 08:00,2026-06-04 23:59,是,https://www.uniqlo.cn/product-detail.html?productCode=u0000000070952
超值精选,482478,2026-09-14,快干防皱衬衫/条纹短袖,男装,2026年夏季,199,99,99,50.3%,2026-05-29 08:00,2026-06-04 23:59,是,https://www.uniqlo.cn/product-detail.html?productCode=u0000000070936
超值精选,482479,2026-09-14,莫代尔混纺开领衬衫/短袖,男装,2026年夏季,199,99,99,50.3%,,,是,https://www.uniqlo.cn/product-detail.html?productCode=u0000000075342
超值精选,482479,2026-09-14,莫代尔混纺开领衬衫/短袖,男装,2026年夏季,199,99,99,50.3%,2026-06-22 08:00,2026-06-25 23:59,是,https://www.uniqlo.cn/product-detail.html?productCode=u0000000070119
超值精选,482480,2026-09-14,莫代尔混纺印花开领衬衫/短袖,男装,2026年夏季,199,99,99,50.3%,,,是,https://www.uniqlo.cn/product-detail.html?productCode=u0000000075319
超值精选,482480,2026-09-14,莫代尔混纺印花开领衬衫/短袖,男装,2026年夏季,199,99,99,50.3%,2026-06-22 08:00,2026-06-25 23:59,是,https://www.uniqlo.cn/product-detail.html?productCode=u0000000070092
超值精选,482481,2026-09-14,莫代尔混纺印花开领衬衫/短袖,男装,2026年夏季,199,99,99,50.3%,,,是,https://www.uniqlo.cn/product-detail.html?productCode=u0000000075321
超值精选,482481,2026-09-14,莫代尔混纺印花开领衬衫/短袖,男装,2026年夏季,199,99,99,50.3%,,,是,https://www.uniqlo.cn/product-detail.html?productCode=u0000000073747
超值精选,482481,2026-09-14,莫代尔混纺印花开领衬衫/短袖,男装,2026年夏季,199,99,99,50.3%,2026-06-22 08:00,2026-06-25 23:59,是,https://www.uniqlo.cn/product-detail.html?productCode=u0000000070073
超值精选,482483,2026-09-14,莫代尔混纺印花开领衬衫/短袖,男装,2026年夏季,199,99,99,50.3%,,,是,https://www.uniqlo.cn/product-detail.html?productCode=u0000000075322
超值精选,482483,2026-09-14,莫代尔混纺印花开领衬衫/短袖,男装,2026年夏季,199,99,99,50.3%,2026-06-22 08:00,2026-06-25 23:59,是,https://www.uniqlo.cn/product-detail.html?productCode=u0000000070077
超值精选,482485,2026-09-14,棉麻立领衬衫/短袖,男装,2026年夏季,199,99,99,50.3%,,,是,https://www.uniqlo.cn/product-detail.html?productCode=u0000000075900
超值精选,482497,2026-09-14,箱型衬衫/短袖,男装,2026年夏季,199,99,99,50.3%,,,是,https://www.uniqlo.cn/product-detail.html?productCode=u0000000075323
超值精选,482498,2026-09-14,箱型格子衬衫/短袖,男装,2026年夏季,199,99,99,50.3%,,,是,https://www.uniqlo.cn/product-detail.html?productCode=u0000000075337
超值精选,482502,2026-09-14,棉麻衬衫/短袖,男装,2026年夏季,199,99,99,50.3%,,,是,https://www.uniqlo.cn/product-detail.html?productCode=u0000000075901
超值精选,482502,2026-09-14,棉麻衬衫/短袖,男装,2026年夏季,199,99,99,50.3%,,,是,https://www.uniqlo.cn/product-detail.html?productCode=u0000000073584
超值精选,482763,2026-09-14,高弹力窄口九分裤/DRY-EX速干,男装,2026年夏季,199,99,99,50.3%,,,是,https://www.uniqlo.cn/product-detail.html?productCode=u0000000075596
超值精选,482937,2026-09-14,尼龙休闲短裤,男装,2026年夏季,199,99,99,50.3%,,,是,https://www.uniqlo.cn/product-detail.html?productCode=u0000000076016
超值精选,482942,2026-09-14,工装短裤,男装,2026年夏季,199,99,99,50.3%,2026-07-10 08:00,2026-07-16 23:59,是,https://www.uniqlo.cn/product-detail.html?productCode=u0000000069632
超值精选,482944,2026-09-14,全棉短裤,男装,2026年夏季,199,99,99,50.3%,2026-06-12 00:00,2026-06-21 23:59,是,https://www.uniqlo.cn/product-detail.html?productCode=u0000000070363
超值精选,484784,2026-09-14,弹力棉质舒适九分裤/休闲裤/起居裤,男装,2026年春季,199,99,99,50.3%,,,是,https://www.uniqlo.cn/product-detail.html?productCode=u0000000074351
超值精选,485450,2026-09-14,运动长裤/加长款,男装,2026年春季,199,99,99,50.3%,2026-02-27 08:00,2026-03-05 23:59,是,https://www.uniqlo.cn/product-detail.html?productCode=u0000000070553
超值精选,485495,2026-09-14,高弹力窄口九分裤/DRY-EX速干加长款,男装,2026年夏季,199,99,99,50.3%,,,是,https://www.uniqlo.cn/product-detail.html?productCode=u0000000075585
超值精选,485611,2026-09-14,可机洗针织polo衫/短袖条纹,男装,2026年夏季,199,99,99,50.3%,2026-04-30 00:00,2026-05-07 23:59,是,https://www.uniqlo.cn/product-detail.html?productCode=u0000000071175
超值精选,487511,2026-09-14,DRY-EX速干高弹力防紫外线连帽开衫,男装,2026年夏季,199,99,99,50.3%,,,是,https://www.uniqlo.cn/product-detail.html?productCode=u0000000075898
超值精选,487511,2026-09-14,DRY-EX速干高弹力防紫外线连帽开衫,男装,2026年夏季,199,99,99,50.3%,,,是,https://www.uniqlo.cn/product-detail.html?productCode=u0000000073977
超值精选,488997,2026-09-14,宽松短裤,男装,2026年夏季,199,99,99,50.3%,,,是,https://www.uniqlo.cn/product-detail.html?productCode=u0000000073215
超值精选,490285,2026-09-14,莫代尔混纺印花开领衬衫/短袖,男装,2026年夏季,199,99,99,50.3%,,,是,https://www.uniqlo.cn/product-detail.html?productCode=u0000000075330
超值精选,490285,2026-09-14,莫代尔混纺印花开领衬衫/短袖,男装,2026年夏季,199,99,99,50.3%,2026-06-22 08:00,2026-06-25 23:59,是,https://www.uniqlo.cn/product-detail.html?productCode=u0000000073435
超值精选,475551,2026-09-14,宽松直筒牛仔裤/水洗产品,男装,2025年春季,299,149,149,50.2%,,,是,https://www.uniqlo.cn/product-detail.html?productCode=u0000000066993
超值精选,479323,2026-09-14,宽松直筒牛仔裤水洗产品休闲长裤加长款84cm,男装,2025年秋季,299,149,149,50.2%,,,是,https://www.uniqlo.cn/product-detail.html?productCode=u0000000066232
超值精选,479372,2026-09-14,弹力长裤/内里起毛休闲裤裤子常规款,男装,2025年冬季,299,149,149,50.2%,,,是,https://www.uniqlo.cn/product-detail.html?productCode=u0000000065838
超值精选,479373,2026-09-14,弹力长裤/内里起毛休闲裤裤子加长款,男装,2025年冬季,299,149,149,50.2%,,,是,https://www.uniqlo.cn/product-detail.html?productCode=u0000000066492
超值精选,482210,2026-09-14,便携式防紫外线连帽外套,男装,2026年春季,299,149,149,50.2%,,,是,https://www.uniqlo.cn/product-detail.html?productCode=u0000000074776
超值精选,482432,2026-09-14,法国麻条纹衬衫/长袖,男装,2026年夏季,299,149,149,50.2%,2026-07-17 08:00,2026-07-23 23:59,是,https://www.uniqlo.cn/product-detail.html?productCode=u0000000069773
超值精选,482432,2026-09-14,法国麻条纹衬衫/长袖,男装,2026年夏季,299,149,149,50.2%,,,是,https://www.uniqlo.cn/product-detail.html?productCode=u0000000073746
超值精选,482437,2026-09-14,法国麻衬衫/长袖,男装,2026年夏季,299,149,149,50.2%,,,是,https://www.uniqlo.cn/product-detail.html?productCode=u0000000075897
超值精选,482437,2026-09-14,法国麻衬衫/长袖,男装,2026年夏季,299,149,149,50.2%,,,是,https://www.uniqlo.cn/product-detail.html?productCode=u0000000073756
超值精选,482443,2026-09-14,棉麻衬衫式茄克/长袖,男装,2026年夏季,299,149,149,50.2%,2026-06-12 00:00,2026-06-21 23:59,是,https://www.uniqlo.cn/product-detail.html?productCode=u0000000069867
超值精选,482856,2026-09-14,修身直筒牛仔裤/水洗产品,男装,2026年春季,299,149,149,50.2%,,,是,https://www.uniqlo.cn/product-detail.html?productCode=u0000000075880
超值精选,482864,2026-09-14,宽松直筒牛仔裤/水洗产品,男装,2026年春季,299,149,149,50.2%,,,是,https://www.uniqlo.cn/product-detail.html?productCode=u0000000067373
超值精选,490283,2026-09-14,棉麻衬衫式茄克/格子长袖,男装,2026年夏季,299,149,149,50.2%,2026-06-12 00:00,2026-06-21 23:59,是,https://www.uniqlo.cn/product-detail.html?productCode=u0000000072213
超值精选,478277,2026-09-14,高性能复合连帽外套/保暖夹克含羽绒,男装,2025年冬季,799,399,399,50.1%,,,是,https://www.uniqlo.cn/product-detail.html?productCode=u0000000070253
超值精选,484330,2026-09-14,男士女士休闲鞋,男装,2026年春季,399,199,199,50.1%,,,是,https://www.uniqlo.cn/product-detail.html?productCode=u0000000075187
超值精选,481726,2026-09-14,罗纹圆领针织衫/短袖,男装,2026年夏季,149,79,79,47.0%,,,是,https://www.uniqlo.cn/product-detail.html?productCode=u0000000074356
超值精选,482302,2026-09-14,AIRism POLO衫/短袖,男装,2026年夏季,149,79,79,47.0%,,,是,https://www.uniqlo.cn/product-detail.html?productCode=u0000000076018
超值精选,482304,2026-09-14,快干POLO衫/短袖,男装,2026年夏季,149,79,79,47.0%,,,是,https://www.uniqlo.cn/product-detail.html?productCode=u0000000074793
超值精选,482758,2026-09-14,宽松运动短裤,男装,2026年夏季,149,79,79,47.0%,,,是,https://www.uniqlo.cn/product-detail.html?productCode=u0000000073957
超值精选,483972,2026-09-14,DRY-EX速干POLO衫/短袖印花,男装,2026年夏季,149,79,79,47.0%,2026-06-12 00:00,2026-06-21 23:59,是,https://www.uniqlo.cn/product-detail.html?productCode=u0000000070381
超值精选,485565,2026-09-14,快干POLO衫/短袖条纹,男装,2026年夏季,149,79,79,47.0%,2026-08-18 08:00,2026-08-27 23:59,是,https://www.uniqlo.cn/product-detail.html?productCode=u0000000069645
超值精选,485565,2026-09-14,快干POLO衫/短袖条纹,男装,2026年夏季,149,79,79,47.0%,,,是,https://www.uniqlo.cn/product-detail.html?productCode=u0000000074792
超值精选,485566,2026-09-14,快干POLO衫/短袖条纹,男装,2026年夏季,149,79,79,47.0%,2026-08-18 08:00,2026-08-27 23:59,是,https://www.uniqlo.cn/product-detail.html?productCode=u0000000069658
超值精选,485566,2026-09-14,快干POLO衫/短袖条纹,男装,2026年夏季,149,79,79,47.0%,,,是,https://www.uniqlo.cn/product-detail.html?productCode=u0000000073741
超值精选,485568,2026-09-14,快干POLO衫/短袖条纹,男装,2026年夏季,149,79,79,47.0%,2026-06-12 00:00,2026-06-21 23:59,是,https://www.uniqlo.cn/product-detail.html?productCode=u0000000069615
超值精选,489085,2026-09-14,AS DRY-EX速干POLO衫/短袖,男装,2026年夏季,149,79,79,47.0%,2026-08-13 08:00,2026-08-20 23:59,是,https://www.uniqlo.cn/product-detail.html?productCode=u0000000073436
超值精选,474426,2026-09-14,UT Pokémon印花T恤/短袖T恤宝可梦,男装,2025年夏季,99,59,59,40.4%,,,是,https://www.uniqlo.cn/product-detail.html?productCode=u0000000060836
超值精选,475355,2026-09-14,AIRism宽松圆领T恤五分袖大师T短袖,男装,2025年夏季,99,59,59,40.4%,,,是,https://www.uniqlo.cn/product-detail.html?productCode=u0000000074316
超值精选,477814,2026-09-14,UT PEANUTS印花短袖T恤史努比,男装,2025年夏季,99,59,59,40.4%,2026-06-12 00:00,2026-06-21 23:59,是,https://www.uniqlo.cn/product-detail.html?productCode=u0000000059583
超值精选,478303,2026-09-14,HEATTECH针织帽子/毛线帽防寒保暖,男装,2025年冬季,99,59,59,40.4%,,,是,https://www.uniqlo.cn/product-detail.html?productCode=u0000000065832
超值精选,480349,2026-09-14,UT Pokémon印花T恤/短袖T恤宝可梦,男装,2025年夏季,99,59,59,40.4%,,,是,https://www.uniqlo.cn/product-detail.html?productCode=u0000000060837
超值精选,480350,2026-09-14,UT Pokémon印花T恤/短袖T恤宝可梦,男装,2025年夏季,99,59,59,40.4%,,,是,https://www.uniqlo.cn/product-detail.html?productCode=u0000000060821
超值精选,480352,2026-09-14,UT Pokémon印花T恤/短袖T恤宝可梦,男装,2025年夏季,99,59,59,40.4%,,,是,https://www.uniqlo.cn/product-detail.html?productCode=u0000000062254
超值精选,481257,2026-09-14,HEATTECH针织帽子/毛线帽防寒保暖,男装,2025年冬季,99,59,59,40.4%,,,是,https://www.uniqlo.cn/product-detail.html?productCode=u0000000065833
超值精选,481638,2026-09-14,时尚太阳镜/复古波士顿,男装,2026年夏季,99,59,59,40.4%,2026-07-17 08:00,2026-07-23 23:59,是,https://www.uniqlo.cn/product-detail.html?productCode=u0000000069855
超值精选,481641,2026-09-14,时尚太阳镜/金属双桥,男装,2026年夏季,99,59,59,40.4%,2026-07-17 08:00,2026-07-23 23:59,是,https://www.uniqlo.cn/product-detail.html?productCode=u0000000069843
超值精选,481642,2026-09-14,时尚太阳镜/金属飞行员,男装,2026年夏季,99,59,59,40.4%,2026-07-17 08:00,2026-07-23 23:59,是,https://www.uniqlo.cn/product-detail.html?productCode=u0000000070672
超值精选,481645,2026-09-14,时尚太阳镜/平顶,男装,2026年夏季,99,59,59,40.4%,2026-07-17 08:00,2026-07-23 23:59,是,https://www.uniqlo.cn/product-detail.html?productCode=u0000000069821
超值精选,481647,2026-09-14,时尚太阳镜/双桥,男装,2026年夏季,99,59,59,40.4%,2026-07-17 08:00,2026-07-23 23:59,是,https://www.uniqlo.cn/product-detail.html?productCode=u0000000069841
超值精选,482295,2026-09-14,AIRism宽松圆领T恤/5分袖,男装,2026年夏季,99,59,59,40.4%,,,是,https://www.uniqlo.cn/product-detail.html?productCode=u0000000075497
超值精选,482295,2026-09-14,AIRism宽松圆领T恤/5分袖,男装,2026年夏季,99,59,59,40.4%,,,是,https://www.uniqlo.cn/product-detail.html?productCode=u0000000074340
超值精选,482747,2026-09-14,UT MAGIC FOR ALL印花T恤/短袖T恤,男装,2026年夏季,99,59,59,40.4%,2026-05-29 08:00,2026-06-04 23:59,是,https://www.uniqlo.cn/product-detail.html?productCode=u0000000068858
超值精选,482750,2026-09-14,UT 泰特美术馆系列印花T恤/短袖T恤,男装,2026年夏季,99,59,59,40.4%,,,是,https://www.uniqlo.cn/product-detail.html?productCode=u0000000069515
超值精选,482751,2026-09-14,UT PEANUTS印花T恤/短袖T恤,男装,2026年夏季,99,59,59,40.4%,2026-07-17 08:00,2026-07-23 23:59,是,https://www.uniqlo.cn/product-detail.html?productCode=u0000000066898
超值精选,482752,2026-09-14,UT NY POP ART印花T恤/短袖T恤,男装,2026年夏季,99,59,59,40.4%,2026-07-17 08:00,2026-07-23 23:59,是,https://www.uniqlo.cn/product-detail.html?productCode=u0000000066696
超值精选,482754,2026-09-14,UT Yu Nagaba印花T恤/短袖T恤,男装,2026年夏季,99,59,59,40.4%,2026-07-03 08:00,2026-07-09 23:59,是,https://www.uniqlo.cn/product-detail.html?productCode=u0000000066890
超值精选,482757,2026-09-14,UT Mario Movie印花T恤/短袖T恤,男装,2026年夏季,99,59,59,40.4%,2026-05-15 00:00,2026-05-21 23:59,是,https://www.uniqlo.cn/product-detail.html?productCode=u0000000071518
超值精选,482770,2026-09-14,UT ONE PIECE/短袖T恤,男装,2026年夏季,99,59,59,40.4%,,,是,https://www.uniqlo.cn/product-detail.html?productCode=u0000000072761
超值精选,482781,2026-09-14,UT MAGIC FOR ALL印花T恤/短袖T恤,男装,2026年夏季,99,59,59,40.4%,,,是,https://www.uniqlo.cn/product-detail.html?productCode=u0000000067114
超值精选,482805,2026-09-14,UT Elliott Erwitt印花T恤/短袖T恤,男装,2026年夏季,99,59,59,40.4%,2026-04-30 00:00,2026-05-07 23:59,是,https://www.uniqlo.cn/product-detail.html?productCode=u0000000068514
超值精选,482806,2026-09-14,UT Dragon Quest印花T恤/短袖T恤,男装,2026年夏季,99,59,59,40.4%,2026-05-29 08:00,2026-06-04 23:59,是,https://www.uniqlo.cn/product-detail.html?productCode=u0000000071133
超值精选,483271,2026-09-14,UT MAGIC FOR ALL印花T恤/短袖T恤,男装,2026年夏季,99,59,59,40.4%,,,是,https://www.uniqlo.cn/product-detail.html?productCode=u0000000067133
超值精选,483744,2026-09-14,UT Dragon Quest印花T恤/短袖T恤,男装,2026年夏季,99,59,59,40.4%,2026-05-29 08:00,2026-06-04 23:59,是,https://www.uniqlo.cn/product-detail.html?productCode=u0000000071155
超值精选,483745,2026-09-14,UT The Brands Sweets印花T恤/短袖,男装,2026年夏季,99,59,59,40.4%,2026-05-15 00:00,2026-05-21 23:59,是,https://www.uniqlo.cn/product-detail.html?productCode=u0000000066382
超值精选,484261,2026-09-14,UT TOYOTA印花T恤/短袖T恤,男装,2026年夏季,99,59,59,40.4%,2026-07-17 08:00,2026-07-23 23:59,是,https://www.uniqlo.cn/product-detail.html?productCode=u0000000070673
超值精选,484508,2026-09-15,AIRism棉混纺宽松条纹T恤/5分袖,男装,2026年夏季,99,59,59,40.4%,2026-05-15 00:00,2026-05-24 23:59,是,https://www.uniqlo.cn/product-detail.html?productCode=u0000000070775
超值精选,484778,2026-09-14,漫画UT集英社创立100周年UT短袖T恤全职猎人,男装,2026年夏季,99,59,59,40.4%,2026-07-17 08:00,2026-07-23 23:59,是,https://www.uniqlo.cn/product-detail.html?productCode=u0000000070418
超值精选,484779,2026-09-14,漫画UT集英社创立100周年UT短袖T恤全职猎人,男装,2026年夏季,99,59,59,40.4%,2026-07-17 08:00,2026-07-23 23:59,是,https://www.uniqlo.cn/product-detail.html?productCode=u0000000070421
超值精选,484908,2026-09-14,UT Yu Nagaba印花T恤/短袖T恤,男装,2026年夏季,99,59,59,40.4%,2026-07-03 08:00,2026-07-09 23:59,是,https://www.uniqlo.cn/product-detail.html?productCode=u0000000066913
超值精选,484909,2026-09-14,UT Yu Nagaba印花T恤/短袖T恤,男装,2026年夏季,99,59,59,40.4%,2026-07-03 08:00,2026-07-09 23:59,是,https://www.uniqlo.cn/product-detail.html?productCode=u0000000066895
超值精选,484934,2026-09-14,时尚太阳镜/棱角猫眼,男装,2026年夏季,99,59,59,40.4%,2026-07-17 08:00,2026-07-23 23:59,是,https://www.uniqlo.cn/product-detail.html?productCode=u0000000069838
超值精选,484935,2026-09-14,时尚太阳镜/运动风方形,男装,2026年夏季,99,59,59,40.4%,2026-07-17 08:00,2026-07-23 23:59,是,https://www.uniqlo.cn/product-detail.html?productCode=u0000000069837
超值精选,485033,2026-09-14,UT PEANUTS印花T恤/短袖T恤,男装,2026年夏季,99,59,59,40.4%,2026-07-17 08:00,2026-07-23 23:59,是,https://www.uniqlo.cn/product-detail.html?productCode=u0000000066882
超值精选,485034,2026-09-14,UT PEANUTS印花T恤/短袖T恤,男装,2026年夏季,99,59,59,40.4%,2026-06-12 00:00,2026-06-21 23:59,是,https://www.uniqlo.cn/product-detail.html?productCode=u0000000066886
超值精选,485038,2026-09-14,UT Yu Nagaba印花T恤/短袖T恤,男装,2026年夏季,99,59,59,40.4%,2026-07-03 08:00,2026-07-09 23:59,是,https://www.uniqlo.cn/product-detail.html?productCode=u0000000066897
超值精选,485043,2026-09-14,UT MAGIC FOR ALL印花T恤/短袖T恤,男装,2026年夏季,99,59,59,40.4%,,,是,https://www.uniqlo.cn/product-detail.html?productCode=u0000000067113
超值精选,485044,2026-09-14,UT MAGIC FOR ALL印花T恤/短袖T恤,男装,2026年夏季,99,59,59,40.4%,,,是,https://www.uniqlo.cn/product-detail.html?productCode=u0000000067134
超值精选,485045,2026-09-14,UT MAGIC FOR ALL印花T恤/短袖T恤,男装,2026年夏季,99,59,59,40.4%,,,是,https://www.uniqlo.cn/product-detail.html?productCode=u0000000067135
超值精选,485058,2026-09-14,UT PEANUTS印花T恤/短袖T恤,男装,2026年夏季,99,59,59,40.4%,2026-06-12 00:00,2026-06-21 23:59,是,https://www.uniqlo.cn/product-detail.html?productCode=u0000000070033
超值精选,485059,2026-09-14,UT PEANUTS印花T恤/短袖T恤,男装,2026年夏季,99,59,59,40.4%,2026-06-12 00:00,2026-06-21 23:59,是,https://www.uniqlo.cn/product-detail.html?productCode=u0000000070013
超值精选,485062,2026-09-14,UT NY POP ART印花T恤/短袖T恤,男装,2026年夏季,99,59,59,40.4%,2026-07-17 08:00,2026-07-23 23:59,是,https://www.uniqlo.cn/product-detail.html?productCode=u0000000066716
超值精选,485182,2026-09-14,UT The Brands Sweets印花T恤/短袖,男装,2026年夏季,99,59,59,40.4%,2026-05-15 00:00,2026-05-21 23:59,是,https://www.uniqlo.cn/product-detail.html?productCode=u0000000066384
超值精选,485253,2026-09-14,UT ZOOTOPIA印花短袖T恤,男装,2026年夏季,99,59,59,40.4%,,,是,https://www.uniqlo.cn/product-detail.html?productCode=u0000000067475
超值精选,485465,2026-09-14,UT Elliott Erwitt印花T恤/短袖T恤,男装,2026年夏季,99,59,59,40.4%,2026-04-30 00:00,2026-05-07 23:59,是,https://www.uniqlo.cn/product-detail.html?productCode=u0000000068516
超值精选,485466,2026-09-14,UT Elliott Erwitt印花T恤/短袖T恤,男装,2026年夏季,99,59,59,40.4%,2026-04-30 00:00,2026-05-07 23:59,是,https://www.uniqlo.cn/product-detail.html?productCode=u0000000068494
超值精选,485467,2026-09-14,UT Elliott Erwitt印花T恤/短袖T恤,男装,2026年夏季,99,59,59,40.4%,2026-04-30 00:00,2026-05-07 23:59,是,https://www.uniqlo.cn/product-detail.html?productCode=u0000000068515
超值精选,485468,2026-09-14,UT Dragon Quest印花T恤/短袖T恤,男装,2026年夏季,99,59,59,40.4%,2026-05-29 08:00,2026-06-04 23:59,是,https://www.uniqlo.cn/product-detail.html?productCode=u0000000071158
超值精选,485480,2026-09-14,UT MAGIC FOR ALL印花T恤/短袖T恤,男装,2026年夏季,99,59,59,40.4%,2026-07-17 08:00,2026-07-23 23:59,是,https://www.uniqlo.cn/product-detail.html?productCode=u0000000071160
超值精选,485741,2026-09-14,UT TOYOTA印花T恤/短袖T恤,男装,2026年夏季,99,59,59,40.4%,2026-07-17 08:00,2026-07-23 23:59,是,https://www.uniqlo.cn/product-detail.html?productCode=u0000000070692
超值精选,485742,2026-09-14,UT TOYOTA印花T恤/短袖T恤,男装,2026年夏季,99,59,59,40.4%,2026-07-17 08:00,2026-07-23 23:59,是,https://www.uniqlo.cn/product-detail.html?productCode=u0000000070674
超值精选,485743,2026-09-14,UT TOYOTA印花T恤/短袖T恤,男装,2026年夏季,99,59,59,40.4%,2026-07-17 08:00,2026-07-23 23:59,是,https://www.uniqlo.cn/product-detail.html?productCode=u0000000070675
超值精选,486132,2026-09-14,UT MAGIC FOR ALL印花T恤/短袖T恤,男装,2026年夏季,99,59,59,40.4%,2026-05-29 08:00,2026-06-04 23:59,是,https://www.uniqlo.cn/product-detail.html?productCode=u0000000068859
超值精选,486154,2026-09-14,UT 泰特美术馆系列印花T恤/短袖T恤,男装,2026年夏季,99,59,59,40.4%,,,是,https://www.uniqlo.cn/product-detail.html?productCode=u0000000069518
超值精选,486160,2026-09-14,UT Mario Movie印花T恤/短袖T恤,男装,2026年夏季,99,59,59,40.4%,2026-05-15 00:00,2026-05-21 23:59,是,https://www.uniqlo.cn/product-detail.html?productCode=u0000000071499
超值精选,486162,2026-09-14,UT Mario Movie印花T恤/短袖T恤,男装,2026年夏季,99,59,59,40.4%,2026-05-15 00:00,2026-05-21 23:59,是,https://www.uniqlo.cn/product-detail.html?productCode=u0000000071496
超值精选,487463,2026-09-14,UT MAGIC FOR ALL印花T恤/短袖T恤,男装,2026年夏季,99,59,59,40.4%,2026-05-29 08:00,2026-06-04 23:59,是,https://www.uniqlo.cn/product-detail.html?productCode=u0000000068833
超值精选,487465,2026-09-14,UT MAGIC FOR ALL印花T恤/短袖T恤,男装,2026年夏季,99,59,59,40.4%,2026-07-17 08:00,2026-07-23 23:59,是,https://www.uniqlo.cn/product-detail.html?productCode=u0000000072399
超值精选,487556,2026-09-14,漫画UT集英社创立100周年UT短袖T恤全职猎人,男装,2026年夏季,99,59,59,40.4%,2026-07-17 08:00,2026-07-23 23:59,是,https://www.uniqlo.cn/product-detail.html?productCode=u0000000070435
超值精选,487557,2026-09-14,漫画UT集英社创立100周年UT短袖T恤幽游白书,男装,2026年夏季,99,59,59,40.4%,2026-04-30 00:00,2026-05-07 23:59,是,https://www.uniqlo.cn/product-detail.html?productCode=u0000000070415
超值精选,487558,2026-09-14,漫画UT集英社创立100周年UT短袖T恤幽游白书,男装,2026年夏季,99,59,59,40.4%,2026-05-29 08:00,2026-06-04 23:59,是,https://www.uniqlo.cn/product-detail.html?productCode=u0000000070419
超值精选,487559,2026-09-14,漫画UT集英社创立100周年UT短袖T恤咒术回战,男装,2026年夏季,99,59,59,40.4%,2026-07-17 08:00,2026-07-23 23:59,是,https://www.uniqlo.cn/product-detail.html?productCode=u0000000070420
超值精选,487560,2026-09-14,漫画UT集英社创立100周年UT短袖T恤咒术回战,男装,2026年夏季,99,59,59,40.4%,2026-05-29 08:00,2026-06-04 23:59,是,https://www.uniqlo.cn/product-detail.html?productCode=u0000000070422
超值精选,487563,2026-09-14,漫画UT集英社创立100周年UT短袖T恤王者天下,男装,2026年夏季,99,59,59,40.4%,2026-04-30 00:00,2026-05-07 23:59,是,https://www.uniqlo.cn/product-detail.html?productCode=u0000000070432
超值精选,487571,2026-09-14,漫画UT集英社创立100周年UT短袖T恤足球小将,男装,2026年夏季,99,59,59,40.4%,2026-04-30 00:00,2026-05-07 23:59,是,https://www.uniqlo.cn/product-detail.html?productCode=u0000000070412
超值精选,487572,2026-09-14,漫画UT集英社创立100周年UT短袖T恤圣斗士星矢,男装,2026年夏季,99,59,59,40.4%,2026-07-17 08:00,2026-07-23 23:59,是,https://www.uniqlo.cn/product-detail.html?productCode=u0000000070416
超值精选,487573,2026-09-14,漫画UT集英社创立100周年UT短袖T恤筋肉人,男装,2026年夏季,99,59,59,40.4%,2026-04-30 00:00,2026-05-07 23:59,是,https://www.uniqlo.cn/product-detail.html?productCode=u0000000070434
超值精选,487807,2026-09-14,UT MAGIC FOR ALL印花T恤/短袖T恤,男装,2026年夏季,99,59,59,40.4%,,,是,https://www.uniqlo.cn/product-detail.html?productCode=u0000000068852
超值精选,488131,2026-09-14,UT Disney x F1®印花T恤/短袖T恤,男装,2026年夏季,99,59,59,40.4%,2026-07-03 08:00,2026-07-09 23:59,是,https://www.uniqlo.cn/product-detail.html?productCode=u0000000071501
超值精选,488246,2026-09-14,UT ONE PIECE/短袖T恤,男装,2026年夏季,99,59,59,40.4%,,,是,https://www.uniqlo.cn/product-detail.html?productCode=u0000000072746
超值精选,488247,2026-09-14,UT ONE PIECE/短袖T恤,男装,2026年夏季,99,59,59,40.4%,,,是,https://www.uniqlo.cn/product-detail.html?productCode=u0000000072745
超值精选,488248,2026-09-14,UT ONE PIECE/短袖T恤,男装,2026年夏季,99,59,59,40.4%,,,是,https://www.uniqlo.cn/product-detail.html?productCode=u0000000072763
超值精选,489071,2026-09-14,UT PEANUTS印花T恤/短袖T恤,男装,2026年夏季,99,59,59,40.4%,2026-07-17 08:00,2026-07-23 23:59,是,https://www.uniqlo.cn/product-detail.html?productCode=u0000000072743
超值精选,489148,2026-09-14,UT Disney x F1®印花T恤/短袖T恤,男装,2026年夏季,99,59,59,40.4%,2026-07-03 08:00,2026-07-09 23:59,是,https://www.uniqlo.cn/product-detail.html?productCode=u0000000073556
超值精选,489149,2026-09-14,UT Disney x F1®印花T恤/短袖T恤,男装,2026年夏季,99,59,59,40.4%,2026-07-03 08:00,2026-07-09 23:59,是,https://www.uniqlo.cn/product-detail.html?productCode=u0000000071502
超值精选,489150,2026-09-14,UT Disney x F1®印花T恤/短袖T恤,男装,2026年夏季,99,59,59,40.4%,2026-07-03 08:00,2026-07-09 23:59,是,https://www.uniqlo.cn/product-detail.html?productCode=u0000000071522
超值精选,489151,2026-09-14,UT Disney x F1®印花T恤/短袖T恤,男装,2026年夏季,99,59,59,40.4%,2026-07-03 08:00,2026-07-09 23:59,是,https://www.uniqlo.cn/product-detail.html?productCode=u0000000073557
超值精选,482928,2026-09-14,高弹力长裤/休闲裤裤子,男装,2026年夏季,249,149,149,40.2%,,,是,https://www.uniqlo.cn/product-detail.html?productCode=u0000000075583
超值精选,482929,2026-09-14,高弹力长裤/加长款,男装,2026年夏季,249,149,149,40.2%,,,是,https://www.uniqlo.cn/product-detail.html?productCode=u0000000075584
超值精选,484398,2026-09-14,弹力快干运动茄克,男装,2026年春季,249,149,149,40.2%,,,是,https://www.uniqlo.cn/product-detail.html?productCode=u0000000071534
超值精选,484399,2026-09-14,弹力快干运动长裤,男装,2026年春季,249,149,149,40.2%,,,是,https://www.uniqlo.cn/product-detail.html?productCode=u0000000071532
超值精选,478273,2026-09-14,高级轻型羽绒茄克便携立领外套夹克防静电防泼水,男装,2025年冬季,499,299,299,40.1%,,,是,https://www.uniqlo.cn/product-detail.html?productCode=u0000000070979
超值精选,469980,2026-09-14,HEATTECH EXTRA WARM棉混纺圆领T恤/9分袖保暖衣,男装,2024年冬季,129,79,79,38.8%,,,是,https://www.uniqlo.cn/product-detail.html?productCode=u0000000066944
超值精选,469980,2026-09-14,HEATTECH EXTRA WARM棉混纺圆领T恤/9分袖保暖衣,男装,2024年冬季,129,79,79,38.8%,,,是,https://www.uniqlo.cn/product-detail.html?productCode=u0000000071235
超值精选,481441,2026-09-16,HEATTECH EXTRA WARM混纺圆领T恤9分袖9%羊绒,男装,2025年冬季,129,79,79,38.8%,,,是,https://www.uniqlo.cn/product-detail.html?productCode=u0000000070999
超值精选,483927,2026-09-14,高弹力舒适短裤,男装,2026年夏季,129,79,79,38.8%,2026-07-30 08:00,2026-08-06 23:59,是,https://www.uniqlo.cn/product-detail.html?productCode=u0000000071056
超值精选,475386,2026-09-15,速干高弹力运动短裤DRY-EX裤子超弹,男装,2025年夏季,149,99,99,33.6%,,,是,https://www.uniqlo.cn/product-detail.html?productCode=u0000000076330
超值精选,482317,2026-09-15,高弹力运动短裤/DRY-EX速干,男装,2026年夏季,149,99,99,33.6%,,,是,https://www.uniqlo.cn/product-detail.html?productCode=u0000000076329
超值精选,478231,2026-09-14,防风连帽外套/夹克户外休闲,男装,2025年秋季,449,299,299,33.4%,2026-04-30 00:00,2026-05-07 23:59,是,https://www.uniqlo.cn/product-detail.html?productCode=u0000000062935
超值精选,482213,2026-09-14,防风连帽外套,男装,2026年春季,449,299,299,33.4%,2026-04-30 00:00,2026-05-07 23:59,是,https://www.uniqlo.cn/product-detail.html?productCode=u0000000067593
超值精选,484610,2026-09-14,哈灵顿茄克/外套夹克,男装,2026年春季,449,299,299,33.4%,,,是,https://www.uniqlo.cn/product-detail.html?productCode=u0000000074778
超值精选,478276,2026-09-14,高级轻型羽绒便携式背心休闲羽绒马甲防静电防泼水,男装,2025年冬季,299,199,199,33.4%,2026-02-06 00:00,2026-02-12 23:59,是,https://www.uniqlo.cn/product-detail.html?productCode=u0000000064819
超值精选,480950,2026-09-14,高级轻型羽绒便携式背心弧形压线外套羽绒服马甲防静电防泼水,男装,2025年冬季,299,199,199,33.4%,,,是,https://www.uniqlo.cn/product-detail.html?productCode=u0000000071476
超值精选,481182,2026-09-14,防风摇粒绒拉链连帽开衫/长袖外套,男装,2025年冬季,299,199,199,33.4%,,,是,https://www.uniqlo.cn/product-detail.html?productCode=u0000000065561
超值精选,482918,2026-09-15,弹力休闲长裤,男装,2026年春季,299,199,199,33.4%,2026-08-21 08:00,2026-08-27 23:59,是,https://www.uniqlo.cn/product-detail.html?productCode=u0000000067935
超值精选,483109,2026-09-15,弹力休闲长裤/休闲裤工装裤子加长款,男装,2025年秋季,299,199,199,33.4%,2026-08-21 08:00,2026-08-27 23:59,是,https://www.uniqlo.cn/product-detail.html?productCode=u0000000064983
超值精选,479512,2026-09-14,袜子,男装,2025年秋季,27,19,19,29.6%,,,是,https://www.uniqlo.cn/product-detail.html?productCode=u0000000075346
超值精选,482608,2026-09-14,袜子,男装,2026年春季,27,19,19,29.6%,,,是,https://www.uniqlo.cn/product-detail.html?productCode=u0000000074788
超值精选,482609,2026-09-14,袜子,男装,2026年春季,27,19,19,29.6%,,,是,https://www.uniqlo.cn/product-detail.html?productCode=u0000000074783
超值精选,482610,2026-09-15,袜子,男装,2026年春季,27,19,19,29.6%,,,是,https://www.uniqlo.cn/product-detail.html?productCode=u0000000076342
超值精选,482616,2026-09-14,袜子,男装,2026年春季,27,19,19,29.6%,,,是,https://www.uniqlo.cn/product-detail.html?productCode=u0000000067793
超值精选,482620,2026-09-14,袜子,男装,2026年春季,27,19,19,29.6%,,,是,https://www.uniqlo.cn/product-detail.html?productCode=u0000000069095
超值精选,482622,2026-09-15,短袜,男装,2026年春季,27,19,19,29.6%,,,是,https://www.uniqlo.cn/product-detail.html?productCode=u0000000067595
超值精选,482623,2026-09-15,短袜,男装,2026年春季,27,19,19,29.6%,,,是,https://www.uniqlo.cn/product-detail.html?productCode=u0000000076343
超值精选,482624,2026-09-14,短袜,男装,2026年春季,27,19,19,29.6%,,,是,https://www.uniqlo.cn/product-detail.html?productCode=u0000000074786
超值精选,482628,2026-09-15,短袜,男装,2026年春季,27,19,19,29.6%,,,是,https://www.uniqlo.cn/product-detail.html?productCode=u0000000067613
超值精选,482629,2026-09-14,短袜,男装,2026年春季,27,19,19,29.6%,,,是,https://www.uniqlo.cn/product-detail.html?productCode=u0000000067798
超值精选,482629,2026-09-14,短袜,男装,2026年春季,27,19,19,29.6%,,,是,https://www.uniqlo.cn/product-detail.html?productCode=u0000000074785
超值精选,482633,2026-09-14,袜子,男装,2026年春季,27,19,19,29.6%,,,是,https://www.uniqlo.cn/product-detail.html?productCode=u0000000068381
超值精选,482636,2026-09-14,袜子,男装,2026年春季,27,19,19,29.6%,,,是,https://www.uniqlo.cn/product-detail.html?productCode=u0000000074800
超值精选,482637,2026-09-15,袜子,男装,2026年春季,27,19,19,29.6%,,,是,https://www.uniqlo.cn/product-detail.html?productCode=u0000000067592
超值精选,482638,2026-09-15,袜子,男装,2026年春季,27,19,19,29.6%,,,是,https://www.uniqlo.cn/product-detail.html?productCode=u0000000076319
超值精选,485002,2026-09-14,袜子,男装,2026年春季,27,19,19,29.6%,,,是,https://www.uniqlo.cn/product-detail.html?productCode=u0000000068395
超值精选,485003,2026-09-15,短袜,男装,2026年春季,27,19,19,29.6%,,,是,https://www.uniqlo.cn/product-detail.html?productCode=u0000000068392
超值精选,485006,2026-09-14,袜子,男装,2026年春季,27,19,19,29.6%,,,是,https://www.uniqlo.cn/product-detail.html?productCode=u0000000069100
超值精选,489014,2026-09-14,袜子,男装,2026年春季,27,19,19,29.6%,,,是,https://www.uniqlo.cn/product-detail.html?productCode=u0000000073200
超值精选,476326,2026-09-14,平脚短裤/条纹男士普通腰内裤阿罗裤,男装,2025年春季,40,29,29,27.5%,,,是,https://www.uniqlo.cn/product-detail.html?productCode=u0000000058973
超值精选,482590,2026-09-14,平脚短裤/格子内裤,男装,2026年春季,40,29,29,27.5%,,,是,https://www.uniqlo.cn/product-detail.html?productCode=u0000000074999
超值精选,482591,2026-09-14,平脚短裤/格子内裤,男装,2026年春季,40,29,29,27.5%,,,是,https://www.uniqlo.cn/product-detail.html?productCode=u0000000069097
超值精选,482593,2026-09-14,平脚短裤/印花内裤,男装,2026年春季,40,29,29,27.5%,,,是,https://www.uniqlo.cn/product-detail.html?productCode=u0000000069102
超值精选,482597,2026-09-14,针织短裤/普通腰条纹内裤,男装,2026年春季,40,29,29,27.5%,,,是,https://www.uniqlo.cn/product-detail.html?productCode=u0000000075498
超值精选,482598,2026-09-14,针织短裤/普通腰腰部条纹内裤,男装,2026年春季,40,29,29,27.5%,,,是,https://www.uniqlo.cn/product-detail.html?productCode=u0000000068396
超值精选,483996,2026-09-14,平脚短裤/印花内裤,男装,2026年春季,40,29,29,27.5%,,,是,https://www.uniqlo.cn/product-detail.html?productCode=u0000000069152
超值精选,487650,2026-09-14,针织短裤/普通腰男士内裤,男装,2026年春季,40,29,29,27.5%,,,是,https://www.uniqlo.cn/product-detail.html?productCode=u0000000070238
限时特优,482510,2026-09-14,AIRism V领T恤/短袖,男装,2026年夏季,79,59,59,25.3%,2026-09-11 08:00,2026-09-16 23:59,是,https://www.uniqlo.cn/product-detail.html?productCode=u0000000069713
限时特优,482514,2026-09-14,AIRism圆领T恤/短袖,男装,2026年夏季,79,59,59,25.3%,2026-09-11 08:00,2026-09-16 23:59,是,https://www.uniqlo.cn/product-detail.html?productCode=u0000000069053
限时特优,482527,2026-09-14,AIRism网眼背心,男装,2026年夏季,79,59,59,25.3%,2026-09-11 08:00,2026-09-16 23:59,是,https://www.uniqlo.cn/product-detail.html?productCode=u0000000069472
超值精选,482536,2026-09-14,AIRism针织短裤内裤,男装,2026年夏季,79,59,59,25.3%,,,是,https://www.uniqlo.cn/product-detail.html?productCode=u0000000075318
限时特优,487607,2026-09-14,AIRism网眼圆领T恤/短袖,男装,2026年夏季,79,59,59,25.3%,2026-09-11 08:00,2026-09-16 23:59,是,https://www.uniqlo.cn/product-detail.html?productCode=u0000000069834
超值精选,478275,2026-09-14,高级轻型羽绒便携式茄克/休闲夹克外套羽绒服防静电防泼水,男装,2025年冬季,399,299,299,25.1%,2026-02-06 00:00,2026-02-12 23:59,是,https://www.uniqlo.cn/product-detail.html?productCode=u0000000062073
超值精选,480949,2026-09-14,高级轻型羽绒便携式茄克/弧形压线外套夹克,男装,2025年冬季,399,299,299,25.1%,,,是,https://www.uniqlo.cn/product-detail.html?productCode=u0000000071475
超值精选,479235,2026-09-14,souffle yarn舒芙蕾圆领针织衫/长袖舒芙蕾毛衣毛衫,男装,2025年冬季,199,149,149,25.1%,,,是,https://www.uniqlo.cn/product-detail.html?productCode=u0000000065213
超值精选,479797,2026-09-14,卫衣/长袖运动衫圆领休闲纯色,男装,2025年秋季,199,149,149,25.1%,2026-03-20 08:00,2026-03-26 23:29,是,https://www.uniqlo.cn/product-detail.html?productCode=u0000000063381
超值精选,479797,2026-09-14,卫衣/长袖,男装,2025年秋季,199,149,149,25.1%,,,是,https://www.uniqlo.cn/product-detail.html?productCode=u0000000072033
限时特优,479996,2026-09-14,牛津纺宽松衬衫/长袖衬衣,男装,2025年秋季,199,149,149,25.1%,2026-09-11 08:00,2026-09-16 23:59,是,https://www.uniqlo.cn/product-detail.html?productCode=u0000000064725
超值精选,481568,2026-09-14,弹力棉质舒适九分裤/休闲裤,男装,2026年春季,199,149,149,25.1%,,,是,https://www.uniqlo.cn/product-detail.html?productCode=u0000000075578
超值精选,481569,2026-09-14,弹力棉混纺舒适九分裤/牛仔休闲裤/起居裤,男装,2026年春季,199,149,149,25.1%,,,是,https://www.uniqlo.cn/product-detail.html?productCode=u0000000075581
超值精选,482308,2026-09-14,卫衣/长袖,男装,2026年春季,199,149,149,25.1%,2026-03-20 08:00,2026-03-26 23:29,是,https://www.uniqlo.cn/product-detail.html?productCode=u0000000067415
超值精选,482308,2026-09-14,卫衣/长袖,男装,2026年春季,199,149,149,25.1%,2026-03-20 08:00,2026-03-26 23:29,是,https://www.uniqlo.cn/product-detail.html?productCode=u0000000071672
限时特优,484244,2026-09-14,牛津纺宽松衬衫/长袖,男装,2026年春季,199,149,149,25.1%,2026-09-11 08:00,2026-09-16 23:59,是,https://www.uniqlo.cn/product-detail.html?productCode=u0000000068433
超值精选,484337,2026-09-14,卫衣/长袖运动衫,男装,2025年秋季,199,149,149,25.1%,2026-03-20 08:00,2026-03-26 23:29,是,https://www.uniqlo.cn/product-detail.html?productCode=u0000000066655
限时特优,488796,2026-09-14,牛津纺宽松衬衫/长袖,男装,2026年秋季,199,149,149,25.1%,2026-09-11 08:00,2026-09-16 23:59,是,https://www.uniqlo.cn/product-detail.html?productCode=u0000000074598
限时特优,488797,2026-09-14,牛津纺宽松条纹衬衫/长袖,男装,2026年秋季,199,149,149,25.1%,2026-09-11 08:00,2026-09-16 23:59,是,https://www.uniqlo.cn/product-detail.html?productCode=u0000000074599
限时特优,488798,2026-09-14,牛津纺宽松条纹衬衫/长袖,男装,2026年秋季,199,149,149,25.1%,2026-09-11 08:00,2026-09-16 23:59,是,https://www.uniqlo.cn/product-detail.html?productCode=u0000000074581
超值精选,485339,2026-09-14,高性能复合飞行员茄克,男装,2025年冬季,799,599,599,25.0%,,,是,https://www.uniqlo.cn/product-detail.html?productCode=u0000000068554
超值精选,482260,2026-09-15,麻混纺舒适短裤,男装,2026年夏季,129,99,99,23.3%,,,是,https://www.uniqlo.cn/product-detail.html?productCode=u0000000076336
限时特优,475355,2026-09-14,AIRism宽松圆领T恤五分袖大师T短袖,男装,2025年夏季,99,79,79,20.2%,2026-09-11 08:00,2026-09-16 23:59,是,https://www.uniqlo.cn/product-detail.html?productCode=u0000000071632
超值精选,475742,2026-09-15,UT Pokémon印花短袖T恤宝可梦皮卡丘,男装,2025年夏季,99,79,79,20.2%,2026-09-04 08:00,2026-09-10 23:59,是,https://www.uniqlo.cn/product-detail.html?productCode=u0000000063591
超值精选,480857,2026-09-15,UT Pokémon印花短袖T恤宝可梦菊石兽,男装,2025年夏季,99,79,79,20.2%,2026-09-04 08:00,2026-09-10 23:59,是,https://www.uniqlo.cn/product-detail.html?productCode=u0000000063599
超值精选,480858,2026-09-15,UT Pokémon印花短袖T恤宝可梦呆呆兽,男装,2025年夏季,99,79,79,20.2%,2026-09-04 08:00,2026-09-10 23:59,是,https://www.uniqlo.cn/product-detail.html?productCode=u0000000063585
超值精选,480859,2026-09-15,UT Pokémon印花短袖T恤宝可梦鲤鱼王,男装,2025年夏季,99,79,79,20.2%,2026-09-04 08:00,2026-09-10 23:59,是,https://www.uniqlo.cn/product-detail.html?productCode=u0000000063598
超值精选,480860,2026-09-15,UT Pokémon印花短袖T恤宝可梦超级沙奈朵,男装,2025年夏季,99,79,79,20.2%,2026-09-04 08:00,2026-09-10 23:59,是,https://www.uniqlo.cn/product-detail.html?productCode=u0000000063614
超值精选,481571,2026-09-15,水洗全棉舒适短裤,男装,2026年春季,99,79,79,20.2%,,,是,https://www.uniqlo.cn/product-detail.html?productCode=u0000000076344
超值精选,481586,2026-09-14,弹力舒适短裤,男装,2026年夏季,99,79,79,20.2%,2026-07-30 08:00,2026-08-06 23:59,是,https://www.uniqlo.cn/product-detail.html?productCode=u0000000070453
限时特优,482295,2026-09-14,AIRism宽松圆领T恤/5分袖,男装,2026年夏季,99,79,79,20.2%,2026-09-11 08:00,2026-09-16 23:59,是,https://www.uniqlo.cn/product-detail.html?productCode=u0000000068338
超值精选,482299,2026-09-15,DRY-EX速干T恤/短袖,男装,2026年夏季,99,79,79,20.2%,,,是,https://www.uniqlo.cn/product-detail.html?productCode=u0000000076324
超值精选,482754,2026-09-15,UT Yu Nagaba印花T恤/短袖T恤,男装,2026年夏季,99,79,79,20.2%,,,是,https://www.uniqlo.cn/product-detail.html?productCode=u0000000076320
限时特优,482760,2026-09-14,AIRism棉混纺无袖T恤,男装,2026年夏季,99,79,79,20.2%,2026-09-11 08:00,2026-09-16 23:59,是,https://www.uniqlo.cn/product-detail.html?productCode=u0000000069692
超值精选,482760,2026-09-14,AIRism棉混纺无袖T恤,男装,2026年夏季,99,79,79,20.2%,,,是,https://www.uniqlo.cn/product-detail.html?productCode=u0000000076159
限时特优,482779,2026-09-14,DRY-EX速干T恤/短袖,男装,2026年夏季,99,79,79,20.2%,2026-09-11 08:00,2026-09-16 23:59,是,https://www.uniqlo.cn/product-detail.html?productCode=u0000000073439
超值精选,484765,2026-09-15,UT PEANUTS印花T恤/短袖T恤,男装,2026年夏季,99,79,79,20.2%,2026-09-04 08:00,2026-09-10 23:59,是,https://www.uniqlo.cn/product-detail.html?productCode=u0000000072744
超值精选,484766,2026-09-15,UT NY POP ART印花T恤/短袖T恤,男装,2026年夏季,99,79,79,20.2%,2026-07-30 08:00,2026-08-06 23:59,是,https://www.uniqlo.cn/product-detail.html?productCode=u0000000070964
超值精选,484908,2026-09-15,UT Yu Nagaba印花T恤/短袖T恤,男装,2026年夏季,99,79,79,20.2%,,,是,https://www.uniqlo.cn/product-detail.html?productCode=u0000000076327
超值精选,484909,2026-09-15,UT Yu Nagaba印花T恤/短袖T恤,男装,2026年夏季,99,79,79,20.2%,,,是,https://www.uniqlo.cn/product-detail.html?productCode=u0000000076328
超值精选,485035,2026-09-15,UT PEANUTS印花T恤/短袖T恤,男装,2026年夏季,99,79,79,20.2%,2026-09-04 08:00,2026-09-10 23:59,是,https://www.uniqlo.cn/product-detail.html?productCode=u0000000066912
超值精选,485038,2026-09-15,UT Yu Nagaba印花T恤/短袖T恤,男装,2026年夏季,99,79,79,20.2%,,,是,https://www.uniqlo.cn/product-detail.html?productCode=u0000000076316
超值精选,485065,2026-09-15,UT NY POP ART印花T恤/短袖T恤,男装,2026年夏季,99,79,79,20.2%,2026-07-30 08:00,2026-08-06 23:59,是,https://www.uniqlo.cn/product-detail.html?productCode=u0000000066693
超值精选,489013,2026-09-15,DRY-EX速干T恤/短袖拼色,男装,2026年夏季,99,79,79,20.2%,2026-08-18 08:00,2026-08-27 23:59,是,https://www.uniqlo.cn/product-detail.html?productCode=u0000000072212
超值精选,489070,2026-09-15,UT PEANUTS印花T恤/短袖T恤,男装,2026年夏季,99,79,79,20.2%,2026-09-04 08:00,2026-09-10 23:59,是,https://www.uniqlo.cn/product-detail.html?productCode=u0000000072762
超值精选,489072,2026-09-15,UT PEANUTS印花T恤/短袖T恤,男装,2026年夏季,99,79,79,20.2%,2026-09-04 08:00,2026-09-10 23:59,是,https://www.uniqlo.cn/product-detail.html?productCode=u0000000072764
超值精选,492127,2026-09-15,UT PEANUTS/短袖T恤,男装,2026年夏季,99,79,79,20.2%,2026-09-04 08:00,2026-09-10 23:59,是,https://www.uniqlo.cn/product-detail.html?productCode=u0000000075264
超值精选,492128,2026-09-15,UT PEANUTS/短袖T恤,男装,2026年夏季,99,79,79,20.2%,2026-09-04 08:00,2026-09-10 23:59,是,https://www.uniqlo.cn/product-detail.html?productCode=u0000000075296
超值精选,492880,2026-09-14,宽松条纹T恤/5分袖,男装,2026年夏季,99,79,79,20.2%,,,是,https://www.uniqlo.cn/product-detail.html?productCode=u0000000073840
超值精选,479863,2026-09-14,针织摇粒绒拉链茄克/长袖外套夹克,男装,2025年冬季,249,199,199,20.1%,,,是,https://www.uniqlo.cn/product-detail.html?productCode=u0000000065588
超值精选,480023,2026-09-14,souffle yarn舒芙蕾针织开衫/长袖舒芙蕾毛衣毛衫,男装,2025年冬季,249,199,199,20.1%,,,是,https://www.uniqlo.cn/product-detail.html?productCode=u0000000065216
限时特优,482920,2026-09-14,麻混纺休闲裤,男装,2026年夏季,249,199,199,20.1%,2026-09-11 08:00,2026-09-16 23:59,是,https://www.uniqlo.cn/product-detail.html?productCode=u0000000070456
限时特优,482928,2026-09-14,高弹力长裤/休闲裤裤子,男装,2026年夏季,249,199,199,20.1%,2026-09-11 08:00,2026-09-16 23:59,是,https://www.uniqlo.cn/product-detail.html?productCode=u0000000066593
限时特优,482929,2026-09-14,高弹力长裤/加长款,男装,2026年夏季,249,199,199,20.1%,2026-09-11 08:00,2026-09-16 23:59,是,https://www.uniqlo.cn/product-detail.html?productCode=u0000000070954
限时特优,470551,2026-09-14,易打理快干弹力轻型长裤/休闲裤通勤仿毛料款,男装,2025年夏季,299,249,249,16.7%,2026-09-11 08:00,2026-09-16 23:59,是,https://www.uniqlo.cn/product-detail.html?productCode=u0000000060051
限时特优,470566,2026-09-14,易打理快干弹力轻型长裤/休闲裤通勤仿棉质款,男装,2025年夏季,299,249,249,16.7%,2026-09-11 08:00,2026-09-16 23:59,是,https://www.uniqlo.cn/product-detail.html?productCode=u0000000060052
限时特优,479816,2026-09-14,直筒牛仔裤/水洗产品合作款系列,男装,2025年秋季,299,249,249,16.7%,2026-09-11 08:00,2026-09-16 23:59,是,https://www.uniqlo.cn/product-detail.html?productCode=u0000000064943
限时特优,482210,2026-09-14,便携式防紫外线连帽外套,男装, 2026年春季,299,249,249,16.7%,2026-09-11 08:00,2026-09-16 23:59,是,https://www.uniqlo.cn/product-detail.html?productCode=u0000000070234
限时特优,482860,2026-09-14,直筒牛仔裤/水洗产品,男装,2026年春季,299,249,249,16.7%,2026-09-11 08:00,2026-09-16 23:59,是,https://www.uniqlo.cn/product-detail.html?productCode=u0000000072556
限时特优,482860,2026-09-14,直筒牛仔裤/水洗产品,男装,2026年春季,299,249,249,16.7%,2026-09-11 08:00,2026-09-16 23:59,是,https://www.uniqlo.cn/product-detail.html?productCode=u0000000071673
限时特优,482868,2026-09-14,宽松廓形牛仔裤/水洗产品牛仔弯刀裤,男装,2026年春季,299,249,249,16.7%,2026-09-11 08:00,2026-09-16 23:59,是,https://www.uniqlo.cn/product-detail.html?productCode=u0000000068876
限时特优,482890,2026-09-14,易打理快干弹力轻型长裤/加长款,男装,2026年夏季,299,249,249,16.7%,2026-09-11 08:00,2026-09-16 23:59,是,https://www.uniqlo.cn/product-detail.html?productCode=u0000000070537
限时特优,482891,2026-09-14,易打理快干弹力轻型长裤,男装,2026年夏季,299,249,249,16.7%,2026-09-11 08:00,2026-09-16 23:59,是,https://www.uniqlo.cn/product-detail.html?productCode=u0000000069915
限时特优,482903,2026-09-14,易打理快干弹力轻型长裤/加长款,男装,2026年夏季,299,249,249,16.7%,2026-09-11 08:00,2026-09-16 23:59,是,https://www.uniqlo.cn/product-detail.html?productCode=u0000000070538
限时特优,482904,2026-09-14,易打理快干弹力轻型长裤,男装,2026年夏季,299,249,249,16.7%,2026-09-11 08:00,2026-09-16 23:59,是,https://www.uniqlo.cn/product-detail.html?productCode=u0000000069913
限时特优,485630,2026-09-14,宽松廓形牛仔裤/水洗产品加长款,男装,2026年秋季,299,249,249,16.7%,2026-09-11 08:00,2026-09-16 23:59,是,https://www.uniqlo.cn/product-detail.html?productCode=u0000000074719
限时特优,485737,2026-09-14,直筒牛仔裤/水洗产品,男装,2026年春季,299,249,249,16.7%,2026-09-11 08:00,2026-09-16 23:59,是,https://www.uniqlo.cn/product-detail.html?productCode=u0000000069636
限时特优,487206,2026-09-14,直筒牛仔裤/水洗产品,男装,2026年秋季,299,249,249,16.7%,2026-09-11 08:00,2026-09-16 23:59,是,https://www.uniqlo.cn/product-detail.html?productCode=u0000000074516
限时特优,487742,2026-09-14,直筒牛仔裤/水洗产品,男装,2026年春季,299,249,249,16.7%,2026-09-11 08:00,2026-09-16 23:59,是,https://www.uniqlo.cn/product-detail.html?productCode=u0000000069115
限时特优,488684,2026-09-14,直筒牛仔裤/水洗产品,男装,2026年秋季,299,249,249,16.7%,2026-09-11 08:00,2026-09-16 23:59,是,https://www.uniqlo.cn/product-detail.html?productCode=u0000000074696
限时特优,488685,2026-09-14,直筒牛仔裤/水洗产品加长款,男装,2026年秋季,299,249,249,16.7%,2026-09-11 08:00,2026-09-16 23:59,是,https://www.uniqlo.cn/product-detail.html?productCode=u0000000074497
限时特优,488686,2026-09-14,直筒牛仔裤/水洗产品加长款,男装,2026年秋季,299,249,249,16.7%,2026-09-11 08:00,2026-09-16 23:59,是,https://www.uniqlo.cn/product-detail.html?productCode=u0000000074499
限时特优,489367,2026-09-14,直筒牛仔裤/水洗产品,男装,2026年秋季,299,249,249,16.7%,2026-09-11 08:00,2026-09-16 23:59,是,https://www.uniqlo.cn/product-detail.html?productCode=u0000000074587
限时特优,489368,2026-09-14,直筒牛仔裤/水洗产品加长款,男装,2026年秋季,299,249,249,16.7%,2026-09-11 08:00,2026-09-16 23:59,是,https://www.uniqlo.cn/product-detail.html?productCode=u0000000074579
超值精选,475353,2026-09-14,华夫格亨利领套头衫长袖T恤纯色休闲,男装,2025年春季,149,129,129,13.4%,2026-09-04 08:00,2026-09-10 23:59,是,https://www.uniqlo.cn/product-detail.html?productCode=u0000000058411
超值精选,478279,2026-09-14,无缝羽绒连帽外套夹克羽绒服,男装,2025年冬季,899,799,799,11.1%,,,是,https://www.uniqlo.cn/product-detail.html?productCode=u0000000066378
限时特优,484610,2026-09-14,哈灵顿茄克/外套夹克,男装,2026年春季,449,399,399,11.1%,2026-09-11 08:00,2026-09-16 23:59,是,https://www.uniqlo.cn/product-detail.html?productCode=u0000000067702
超值精选,471525,2026-09-14,HEATTECH EXTRA WARM棉混纺紧身裤/保暖衣秋裤内衣,男装,2024年冬季,129,129,129,,2026-03-06 08:00,2026-03-12 23:59,是,https://www.uniqlo.cn/product-detail.html?productCode=u0000000066942
